id_medico,nombre_medico
0,TAGLIAFICO Nicolas
1,PAVON Cristian
2,LANZINI Manuel
3,SALVIO Eduardo
4,MESSI Lionel
5,ANSALDI Cristian
6,BIGLIA Lucas
7,BANEGA Ever
8,MASCHERANO Javier
9,DYBALA Paulo
10,AGUERO Sergio
11,HIGUAIN Gonzalo
12,DI MARIA Angel
13,LO CELSO Giovani
14,MEZA Maximiliano
15,ACUNA Marcos
16,CABALLERO Wilfredo
17,MERCADO Gabriel
18,OTAMENDI Nicolas
19,ROJO Marcos
20,FAZIO Federico
21,ARMANI Franco
22,GUZMAN Nahuel
23,BEHICH Aziz
24,KRUSE Robbie
25,RISDON Joshua
26,MEREDITH James
27,MOOY Aaron
28,MacLAREN Jamie
29,PETRATOS Dimitrios
30,ARZANI Daniel
31,CAHILL Tim
32,LUONGO Massimo
33,SAINSBURY Trent
34,IRVINE Jackson
35,MILLIGAN Mark
36,JEDINAK Mile
37,JURIC Tomi
38,RYAN Mathew
39,JURMAN Matthew
40,LECKIE Mathew
41,DEGENEK Milos
42,NABBOUT Andrew
43,JONES Brad
44,ROGIC Tom
45,VUKOVIC Danny
46,MERTENS Dries
47,CARRASCO Yannick
48,DE BRUYNE Kevin
49,HAZARD Thorgan
50,TIELEMANS Youri
51,WITSEL Axel
52,HAZARD Eden
53,JANUZAJ Adnan
54,DENDONCKER Leander
55,BATSHUAYI Michy
56,VERMAELEN Thomas
57,ALDERWEIRELD Toby
58,DEMBELE Moussa
59,BOYATA Dedryck
60,KOMPANY Vincent
61,FELLAINI Marouane
62,CHADLI Nacer
63,VERTONGHEN Jan
64,CASTEELS Koen
65,MIGNOLET Simon
66,MEUNIER Thomas
67,COURTOIS Thibaut
68,LUKAKU Romelu
69,FRED
70,TAISON
71,FERNANDINHO
72,FAGNER
73,NEYMAR
74,PHILIPPE COUTINHO
75,DOUGLAS COSTA
76,FILIPE LUIS
77,GABRIEL JESUS
78,MARQUINHOS
79,ROBERTO FIRMINO
80,WILLIAN
81,MIRANDA
82,DANILO
83,THIAGO SILVA
84,MARCELO
85,PAULINHO
86,PEDRO GEROMEL
87,CASEMIRO
88,RENATO AUGUSTO
89,EDERSON
90,ALISSON
91,CASSIO
92,QUINTERO Juan
93,MOJICA Johan
94,LERMA Jefferson
95,ARIAS Santiago
96,URIBE Mateus
97,FALCAO Radamel
98,CUADRADO Juan
99,FABRA Frank
100,IZQUIERDO Jose
101,BARRIOS  Wilmar
102,BORJA Miguel
103,RODRIGUEZ James
104,BACCA Carlos
105,MURIEL Luis
106,OSPINA David
107,MURILLO Oscar
108,VARGAS Camilo
109,CUADRADO Jose
110,SANCHEZ Davinson
111,ZAPATA Cristian
112,SANCHEZ Carlos
113,AGUILAR Abel
114,MINA Yerry
115,BOLANOS Christian
116,GAMBOA Cristian
117,TEJEDA Yeltsin
118,SMITH Ian
119,OVIEDO Bryan
120,WALLACE Rodney
121,URENA Marcos
122,MATARRITA Ronald
123,MOREIRA Leonel
124,CAMPBELL Joel
125,PEMBERTON Patrick
126,RUIZ Bryan
127,ACOSTA Johnny
128,COLINDRES Daniel
129,VENEGAS Johan
130,GONZALEZ Giancarlo
131,CALVO Francisco
132,GUZMAN David
133,BORGES Celso
134,NAVAS Keylor
135,DUARTE Oscar
136,AZOFEIFA Randall
137,WASTON Kendall
138,MODRIC Luka
139,BROZOVIC Marcelo
140,PIVARIC Josip
141,KRAMARIC Andrej
142,VRSALJKO Sime
143,BADELJ Milan
144,VIDA Domagoj
145,STRINIC Ivan
146,RAKITIC Ivan
147,KOVACIC Mateo
148,BRADARIC Filip
149,REBIC Ante
150,PERISIC Ivan
151,JEDVAJ Tin
152,KALINIC Nikola
153,LIVAKOVIC Dominik
154,PJACA Marko
155,CORLUKA Vedran
156,LOVREN Dejan
157,SUBASIC Danijel
158,MANDZUKIC Mario
159,CALETA-CAR Duje
160,KALINIC Lovre
161,KROHN-DEHLI Michael
162,SISTO Pione
163,BRAITHWAITE Martin
164,ERIKSEN Christian
165,DELANEY Thomas
166,KVIST William
167,FISCHER Viktor
168,SCHONE Lasse
169,DALSGAARD Henrik
170,KNUDSEN Jonas
171,STRYGER LARSEN Jens
172,KJAER Simon
173,POULSEN Yussuf Yurary
174,CHRISTENSEN Andreas
175,DOLBERG Kasper
176,JORGENSEN Mathias
177,LERAGER Lukas
178,RONNOW Frederik
179,JORGENSEN Nicolai
180,LOSSL Jonas
181,CORNELIUS Andreas
182,SCHMEICHEL Kasper
183,VESTERGAARD Jannik
184,TAREK HAMED
185,OMAR GABER
186,MOHAMED SALAH
187,MOHAMED ABDELSHAFY
188,MAHMOUD HAMDY
189,AYMAN ASHRAF
190,MOHAMED ELNENY
191,SAM MORSY
192,ABDALLA SAID
193,AHMED ELMOHAMADY
194,AHMED FATHI
195,KAHRABA
196,RAMADAN SOBHY
197,TREZEGUET
198,AMR WARDA
199,SHIKABALA
200,MARWAN MOHSEN
201,SAMIR SAAD
202,MOHAMED ELSHENAWY
203,ALI GABR
204,ESSAM EL HADARY
205,SHERIF EKRAMY
206,AHMED HEGAZY
207,LINGARD Jesse
208,STERLING Raheem
209,ALEXANDER-ARNOLD Trent
210,PICKFORD Jordan
211,STONES John
212,TRIPPIER Kieran
213,JONES Phil
214,LOFTUS-CHEEK Ruben
215,ROSE Danny
216,ALLI Dele
217,POPE Nick
218,WELBECK Danny
219,DELPH Fabian
220,YOUNG Ashley
221,RASHFORD Marcus
222,VARDY Jamie
223,HENDERSON Jordan
224,WALKER Kyle
225,CAHILL Gary
226,DIER Eric
227,BUTLAND Jack
228,MAGUIRE Harry
229,KANE Harry
230,LEMAR Thomas
231,DEMBELE Ousmane
232,KANTE Ngolo
233,GRIEZMANN Antoine
234,MATUIDI Blaise
235,PAVARD Benjamin
236,FEKIR Nabil
237,THAUVIN Florian
238,HERNANDEZ Lucas
239,KIMPEMBE Presnel
240,MBAPPE Kylian
241,VARANE Raphael
242,SIDIBE Djibril
243,LLORIS Hugo
244,TOLISSO Corentin
245,UMTITI Samuel
246,MENDY Benjamin
247,POGBA Paul
248,NZONZI Steven
249,MANDANDA Steve
250,RAMI Adil
251,GIROUD Olivier
252,AREOLA Alphonse
253,REUS Marco
254,OEZIL Mesut
255,KIMMICH Joshua
256,DRAXLER Julian
257,RUDY Sebastian
258,HECTOR Jonas
259,WERNER Timo
260,MUELLER Thomas
261,PLATTENHARDT Marvin
262,GORETZKA Leon
263,KROOS Toni
264,GUENDOGAN Ilkay
265,KHEDIRA Sami
266,BRANDT Julian
267,GOMEZ Mario
268,GINTER Matthias
269,RUEDIGER Antonio
270,TER STEGEN Marc-Andre
271,TRAPP Kevin
272,SUELE Niklas
273,HUMMELS Mats
274,BOATENG Jerome
275,NEUER Manuel
276,SKULASON Ari
277,TRAUSTASON Arnor
278,SAEVARSSON Birkir
279,RUNARSSON Runar
280,GUDMUNDSSON Johann
281,BJARNASON Birkir
282,FRIDJONSSON Samuel
283,GISLASON Rurik
284,FINNBOGASON Alfred
285,SKULASON Olafur
286,GUDMUNDSSON Albert
287,INGASON Sverrir
288,EYJOLFSSON Holmar
289,SIGURDSSON Gylfi
290,ARNASON Kari
291,SIGURDARSON Bjorn
292,MAGNUSSON Hordur
293,SIGURDSSON Ragnar
294,GUNNARSSON Aron
295,HALLFREDSSON Emil
296,HALLDORSSON Hannes
297,BODVARSSON Jon
298,SCHRAM Frederik
299,MOHAMMADI Milad
300,TORABI Mehdi
301,AMIRI Vahid
302,HAJI SAFI Ehsan
303,EBRAHIMI Omid
304,REZAEIAN Ramin
305,MONTAZERI Pejman
306,JAHANBAKHSH Alireza
307,HOSSEINI Majid
308,DEJAGAH Ashkan
309,SHOJAEI Masoud
310,GHODDOS  Saman
311,GHOOCHANNEJHAD Reza
312,CHESHMI Roozbeh
313,ANSARIFARD Karim
314,KHANZADEH Mohammad Reza
315,TAREMI Mehdi
316,AZMOUN Sardar
317,ABEDZADEH Amir
318,EZATOLAHI Saeid
319,POURALIGANJI Morteza
320,MAZAHERI Rashid
321,BEIRANVAND Ali
322,INUI Takashi
323,SHIBASAKI Gaku
324,OSHIMA Ryota
325,NAGATOMO Yuto
326,HARAGUCHI Genki
327,KAGAWA Shinji
328,OKAZAKI Shinji
329,SAKAI Hiroki
330,OSAKO Yuya
331,USAMI Takashi
332,MUTO Yoshinori
333,YAMAGUCHI Hotaru
334,HASEBE Makoto
335,NAKAMURA Kosuke
336,KAWASHIMA Eiji
337,SHOJI Gen
338,HONDA Keisuke
339,SAKAI Gotoku
340,ENDO Wataru
341,MAKINO Tomoaki
342,HIGASHIGUCHI Masaaki
343,YOSHIDA Maya
344,UEDA Naomichi
345,LEE Seungwoo
346,GO Yohan
347,HONG Chul
348,MOON Seonmin
349,KIM Minwoo
350,JU Sejong
351,LEE Jaesung
352,PARK Jooho
353,KOO Jacheol
354,LEE Yong
355,JUNG Seunghyun
356,KIM Younggwon
357,KI Sungyueng
358,JO Hyeonwoo
359,SON Heungmin
360,HWANG Heechan
361,JANG Hyunsoo
362,YUN Youngsun
363,JUNG Wooyoung
364,OH Bansuk
365,KIM Seunggyu
366,KIM Jinhyeon
367,KIM Shinwook
368,AQUINO Javier
369,GUARDADO Andres
370,LOZANO Hirving
371,DOS SANTOS Jonathan
372,CORONA Jesus
373,FABIAN Marco
374,DOS SANTOS Giovani
375,HERNANDEZ Javier
376,LAYUN Miguel
377,PERALTA Oribe
378,ALVAREZ Edson
379,GALLARDO Jesus
380,OCHOA Guillermo
381,MARQUEZ Rafael
382,REYES Diego
383,VELA Carlos
384,JIMENEZ Raul
385,HERRERA Hector
386,CORONA Jose
387,AYALA Hugo
388,MORENO Hector
389,SALCEDO Carlos
390,TALAVERA Alfredo
391,BOUSSOUFA Mbark
392,HAKIMI Achraf
393,HARIT Amine
394,CARCELA Mehdi
395,MENDYL Hamza
396,ZIYACH Hakim
397,TAGNAOUTI Ahmed
398,EL KAABI Ayoub
399,FAJR Faycal
400,BELHANDA Younes
401,AIT BENNASSER Youssef
402,EN NESYRI Youssef
403,SAISS Romain
404,BOUNOU Yassine
405,AMRABAT Noureddine
406,AMRABAT Sofyan
407,DA COSTA Manuel
408,EL AHMADI Karim
409,BOUTAIB Khalid
410,BOUHADDOUZ Aziz
411,DIRAR Nabil
412,BENATIA Mehdi
413,EL KAJOUI Monir
414,MUSA Ahmed
415,NDIDI Onyinye
416,ETEBO Oghenekaro
417,ONAZI Ogenyi
418,EBUEHI Tyronne
419,IDOWU Bryan
420,MOSES Victor
421,SHEHU Abdullahi
422,AWAZIEM Chidozie
423,OBI Joel
424,EZENWA Ikechukwu
425,IHEANACHO Kelechi
426,ECHIEJILE Elderson
427,MIKEL John Obi
428,OMERUO Kenneth
429,IGHALO Odion
430,EKONG William
431,IWOBI Alex
432,BALOGUN Leon
433,NWANKWO Simeon
434,OGU John
435,UZOHO Francis
436,AKPEYI Daniel
437,QUINTERO Alberto
438,PENEDO Jaime
439,BARCENAS Edgar
440,DIAZ Ismael
441,COOPER Armando
442,OVALLE Luis
443,TORRES Gabriel
444,RODRIGUEZ Jose Luis
445,MURILLO Michael
446,MACHADO Adolfo
447,PIMENTEL Valentin
448,DAVIS Eric
449,ESCOBAR Fidel
450,GOMEZ Gabriel
451,ARROYO Abdiel
452,GODOY Anibal
453,PEREZ Blas
454,RODRIGUEZ Alex
455,CALDERON Jose
456,TEJADA Luis
457,BALOY Felipe
458,CUMMINGS Harold
459,TORRES Roman
460,HURTADO Paolo
461,RUIDIAZ Raul
462,LOYOLA Nilson
463,CUEVA Christian
464,YOTUN Yoshimar
465,POLO Andy
466,AQUINO Pedro
467,RAMOS Christian
468,FLORES Edison
469,TRAUCO Miguel
470,CORZO Aldo
471,CARTAGENA Wilder
472,ARAUJO Miguel
473,CARRILLO Andre
474,RODRIGUEZ Alberto
475,CACEDA Carlos
476,GALLESE Pedro
477,ADVINCULA Luis
478,SANTAMARIA Anderson
479,CARVALLO Jose
480,FARFAN Jefferson
481,TAPIA Renato
482,GUERRERO Paolo
483,ZIELINSKI Piotr
484,GORALSKI Jacek
485,PESZKO Slawomir
486,BLASZCZYKOWSKI Jakub
487,BERESZYNSKI Bartosz
488,LINETTY Karol
489,KURZAWA Rafal
490,RYBUS Maciej
491,KOWNACKI Dawid
492,BEDNAREK Jan
493,PAZDAN Michal
494,JEDRZEJCZYK Artur
495,GROSICKI Kamil
496,TEODORCZYK Lukasz
497,LEWANDOWSKI Robert
498,PISZCZEK Lukasz
499,GLIK Kamil
500,CIONEK Thiago
501,MILIK Arkadiusz
502,KRYCHOWIAK Grzegorz
503,BIALKOWSKI Bartosz
504,FABIANSKI Lukasz
505,SZCZESNY Wojciech
506,JOAO MOUTINHO
507,GELSON MARTINS
508,RAPHAEL GUERREIRO
509,BRUNO FERNANDES
510,BERNARDO SILVA
511,MARIO RUI
512,CEDRIC
513,MANUEL FERNANDES
514,RICARDO
515,GONCALO GUEDES
516,ADRIEN SILVA
517,JOAO MARIO
518,RICARDO QUARESMA
519,ANDRE SILVA
520,BETO
521,CRISTIANO RONALDO
522,WILLIAM
523,PEPE
524,ANTHONY LOPES
525,BRUNO ALVES
526,RUBEN DIAS
527,RUI PATRICIO
528,JOSE FONTE
529,MIRANCHUK Anton
530,CHERYSHEV Denis
531,GOLOVIN Aleksandr
532,SMOLNIKOV Igor
533,DZAGOEV Alan
534,KUZIAEV Daler
535,SAMEDOV Alexander
536,GAZINSKY Iury
537,ZHIRKOV Yury
538,ZOBNIN Roman
539,MIRANCHUK Alexey
540,KUDRIASHOV Fedor
541,MARIO FERNANDES
542,SMOLOV Fedor
543,EROKHIN Aleksandr
544,LUNEV Andrei
545,GRANAT Vladimir
546,GABULOV Vladimir
547,KUTEPOV Ilya
548,AKINFEEV Igor
549,IGNASHEVICH Sergey
550,SEMENOV Andrey
551,DZYUBA Artem
552,MOHAMMED ALBURAYK
553,SALMAN ALFARAJ
554,YAHIA ALSHEHRI
555,YASIR ALSHAHRANI
556,FAHAD ALMUWALLAD
557,HATAN BAHBIR
558,ABDULLAH OTAYF
559,ABDULLAH ALKHAIBARI
560,MANSOUR ALHARBI
561,SALEM ALDAWSARI
562,TAISEER ALJASSAM
563,ABDULMALEK ALKHAIBRI
564,MOHAMED KANNO
565,MOHAMMED ALSAHLAWI
566,OMAR OTHMAN
567,HUSSAIN ALMOQAHWI
568,MUHANNAD ASIRI
569,MOHAMMED ALOWAIS
570,MOTAZ HAWSAWI
571,OSAMA HAWSAWI
572,ALI ALBULAYHI
573,YASSER ALMOSAILEM
574,ABDULLAH ALMUAIOUF
575,GUEYE Idrissa Gana
576,CISS Saliou
577,MANE Sadio
578,SARR Ismaila
579,WAGUE Moussa
580,SABALY Youssouf
581,NDIAYE Pape Alioune
582,NIANG Mbaye
583,GASSAMA Lamine
584,SOW Moussa
585,KOUYATE Cheikhou
586,BALDE Keita
587,KONATE Moussa
588,DIALLO Abdoulaye
589,SAKHO Diafra
590,NDIAYE Alfred
591,NDIAYE Khadim
592,GOMIS Alfred
593,DIOUF Mame
594,SANE Salif
595,MBODJI Kara
596,KOULIBALY Kalidou
597,NDOYE Cheikh
598,ZIVKOVIC Andrija
599,RODIC Milan
600,RUKAVINA Antonio
601,LJAJIC Adem
602,JOVIC Luka
603,TADIC Dusan
604,RADONJIC Nemanja
605,MILINKOVIC-SAVIC Sergej
606,VELJKOVIC Milos
607,TOSIC Dusko
608,MILIVOJEVIC Luka
609,SPAJIC Uros
610,MITROVIC Aleksandar
611,GRUJIC Marko
612,KOSTIC Filip
613,KOLAROV Aleksandar
614,RAJKOVIC Predrag
615,MATIC Nemanja
616,PRIJOVIC Aleksandar
617,IVANOVIC Branislav
618,MILENKOVIC Nikola
619,DMITROVIC Marko
620,STOJKOVIC Vladimir
621,ODRIOZOLA Alvaro
622,ASPAS Iago
623,SILVA David
624,INIESTA Andres
625,ALBA Jordi
626,THIAGO
627,VAZQUEZ Lucas
628,DE GEA David
629,RODRIGO
630,MONREAL Nacho
631,CARVAJAL Dani
632,KOKE
633,ISCO
634,RAMOS Sergio
635,SAUL
636,ASENSIO Marco
637,NACHO
638,BUSQUETS Sergio
639,AZPILICUETA Cesar
640,ARRIZABALAGA Kepa
641,PIQUE Gerard
642,COSTA Diego
643,REINA Pepe
644,DURMAZ Jimmy
645,LARSSON Sebastian
646,KRAFTH Emil
647,HILJEMARK Oscar
648,EKDAL Albin
649,AUGUSTINSSON Ludwig
650,BERG Marcus
651,ROHDEN Marcus
652,LUSTIG Mikael
653,SVENSSON Gustav
654,FORSBERG Emil
655,TOIVONEN Ola
656,GUIDETTI John
657,CLAESSON Viktor
658,LINDELOF Victor
659,OLSSON Martin
660,JOHNSSON Karl-Johan
661,HELANDER Filip
662,THELIN Isaac Kiese
663,GRANQVIST Andreas
664,NORDFELDT Kristoffer
665,OLSEN Robin
666,JANSSON Pontus
667,FERNANDES Gelson
668,FREULER Remo
669,GAVRANOVIC Mario
670,MOUBANDJE Francois
671,LICHTSTEINER Stephan
672,ELVEDI Nico
673,DZEMAILI Blerim
674,ZAKARIA Denis
675,LANG Michael
676,BEHRAMI Valon
677,DRMIC Josip
678,SHAQIRI Xherdan
679,RODRIGUEZ Ricardo
680,ZUBER Steven
681,SOMMER Yann
682,XHAKA Granit
683,BUERKI Roman
684,SCHAER Fabian
685,MVOGO Yvon
686,AKANJI Manuel
687,EMBOLO Breel
688,SEFEROVIC Haris
689,DJOUROU Johan
690,SLITI Naim
691,SKHIRI Ellyes
692,MERIAH Yassine
693,BADRI Anice
694,CHAALELI Ghaylen
695,HASSEN Mouez
696,SRARFI Bassem
697,MAALOUL Ali
698,KHALIFA Saber
699,BEN ALOUANE Yohan
700,BRONN Dylan
701,BEN AMOR Mohamed
702,KHALIL Ahmed
703,NAGUEZ Hamdi
704,HADDADI Oussama
705,KHAOUI Saifeddine
706,KHAZRI Wahbi
707,BEDOUI Rami
708,BEN YOUSSEF Fakhreddine
709,SASSI Ferjani
710,MATHLOUTHI Aymen
711,BEN MUSTAPHA Farouk
712,BEN YOUSSEF Syam
713,NANDEZ Nahitan
714,TORREIRA Lucas
715,DE ARRASCAETA Giorgian
716,LAXALT Diego
717,URRETAVISCAYA Jonathan
718,VARELA Guillermo
719,GODIN Diego
720,BENTANCUR Rodrigo
721,PEREIRA Maximiliano
722,MUSLERA Fernando
723,SANCHEZ Carlos
724,SILVA Gaston
725,CACERES Martin
726,GIMENEZ Jose
727,STUANI Cristhian
728,CAVANI Edinson
729,RODRIGUEZ Cristian
730,CAMPANA Martin
731,VECINO Matias
732,SILVA Martin
733,SUAREZ Luis
734,GOMEZ Maximiliano
735,COATES Sebastian
