id_medico,nombre_medico,ESPECIALIDAD_nombre_especialidad
0,TAGLIAFICO Nicolas,Medicina veterinaria
1,PAVON Cristian,Rehabilitación
2,LANZINI Manuel,Medicina veterinaria
3,SALVIO Eduardo,Gastroenterología
4,MESSI Lionel,Oncología radioterápica
5,ANSALDI Cristian,Medicina del trabajo
6,BIGLIA Lucas,Oftalmología
7,BANEGA Ever,Medicina intensiva
8,MASCHERANO Javier,Neumología
9,DYBALA Paulo,Reumatología
10,AGUERO Sergio,Nutriología
11,HIGUAIN Gonzalo,Infectología
12,DI MARIA Angel,Psiquiatría
13,LO CELSO Giovani,Infectología
14,MEZA Maximiliano,Medicina preventiva y salud pública
15,ACUNA Marcos,Medicina familiar y comunitaria
16,CABALLERO Wilfredo,Oncología médica
17,MERCADO Gabriel,Medicina preventiva y salud pública
18,OTAMENDI Nicolas,Medicina preventiva y salud pública
19,ROJO Marcos,Pediatría
20,FAZIO Federico,Oftalmología
21,ARMANI Franco,Alergología
22,GUZMAN Nahuel,Oncología médica
23,BEHICH Aziz,Medicina intensiva
24,KRUSE Robbie,Medicina de urgencias
25,RISDON Joshua,Endocrinología
26,MEREDITH James,Rehabilitación
27,MOOY Aaron,Medicina legal y forense
28,MacLAREN Jamie,Alergología
29,PETRATOS Dimitrios,Medicina aeroespacial
30,ARZANI Daniel,Medicina del trabajo
31,CAHILL Tim,Oncología médica
32,LUONGO Massimo,Medicina del deporte
33,SAINSBURY Trent,Psiquiatría
34,IRVINE Jackson,Medicina intensiva
35,MILLIGAN Mark,Endocrinología
36,JEDINAK Mile,Medicina familiar y comunitaria
37,JURIC Tomi,Oftalmología
38,RYAN Mathew,Psiquiatría
39,JURMAN Matthew,Urología
40,LECKIE Mathew,Urología
41,DEGENEK Milos,Medicina del trabajo
42,NABBOUT Andrew,Medicina veterinaria
43,JONES Brad,Medicina familiar y comunitaria
44,ROGIC Tom,Medicina del trabajo
45,VUKOVIC Danny,Medicina del deporte
46,MERTENS Dries,Infectología
47,CARRASCO Yannick,Nefrología
48,DE BRUYNE Kevin,Geriatría
49,HAZARD Thorgan,Infectología
50,TIELEMANS Youri,Medicina legal y forense
51,WITSEL Axel,Oncología médica
52,HAZARD Eden,Medicina interna
53,JANUZAJ Adnan,Gastroenterología
54,DENDONCKER Leander,Urología
55,BATSHUAYI Michy,Rehabilitación
56,VERMAELEN Thomas,Medicina veterinaria
57,ALDERWEIRELD Toby,Endocrinología
58,DEMBELE Moussa,Rehabilitación
59,BOYATA Dedryck,Toxicología
60,KOMPANY Vincent,Toxicología
61,FELLAINI Marouane,Medicina del deporte
62,CHADLI Nacer,Medicina legal y forense
63,VERTONGHEN Jan,Cardiología
64,CASTEELS Koen,Toxicología
65,MIGNOLET Simon,Psiquiatría
66,MEUNIER Thomas,Cardiología
67,COURTOIS Thibaut,Neurología
68,LUKAKU Romelu,Gastroenterología
69,FRED,Medicina preventiva y salud pública
70,TAISON,Rehabilitación
71,FERNANDINHO,Gastroenterología
72,FAGNER,Hematología y hemoterapia
73,NEYMAR,Oftalmología
74,PHILIPPE COUTINHO,Oncología radioterápica
75,DOUGLAS COSTA,Toxicología
76,FILIPE LUIS,Psiquiatría
77,GABRIEL JESUS,Medicina del deporte
78,MARQUINHOS,Hematología y hemoterapia
79,ROBERTO FIRMINO,Medicina de urgencias
80,WILLIAN,Medicina preventiva y salud pública
81,MIRANDA,Rehabilitación
82,DANILO,Medicina de urgencias
83,THIAGO SILVA,Psiquiatría
84,MARCELO,Oftalmología
85,PAULINHO,Toxicología
86,PEDRO GEROMEL,Medicina familiar y comunitaria
87,CASEMIRO,Medicina familiar y comunitaria
88,RENATO AUGUSTO,Geriatría
89,EDERSON,Reumatología
90,ALISSON,Neurología
91,CASSIO,Pediatría
92,QUINTERO Juan,Medicina intensiva
93,MOJICA Johan,Anestesiología y reanimación
94,LERMA Jefferson,Medicina del deporte
95,ARIAS Santiago,Neurología
96,URIBE Mateus,Medicina legal y forense
97,FALCAO Radamel,Hematología y hemoterapia
98,CUADRADO Juan,Medicina preventiva y salud pública
99,FABRA Frank,Medicina intensiva
100,IZQUIERDO Jose,Neumología
101,BARRIOS  Wilmar,Cardiología
102,BORJA Miguel,Neurología
103,RODRIGUEZ James,Oncología médica
104,BACCA Carlos,Rehabilitación
105,MURIEL Luis,Medicina del deporte
106,OSPINA David,Medicina veterinaria
107,MURILLO Oscar,Neumología
108,VARGAS Camilo,Pediatría
109,CUADRADO Jose,Medicina veterinaria
110,SANCHEZ Davinson,Medicina aeroespacial
111,ZAPATA Cristian,Pediatría
112,SANCHEZ Carlos,Medicina del deporte
113,AGUILAR Abel,Nefrología
114,MINA Yerry,Nutriología
115,BOLANOS Christian,Medicina física y rehabilitación
116,GAMBOA Cristian,Reumatología
117,TEJEDA Yeltsin,Medicina física y rehabilitación
118,SMITH Ian,Toxicología
119,OVIEDO Bryan,Rehabilitación
120,WALLACE Rodney,Medicina preventiva y salud pública
121,URENA Marcos,Oncología radioterápica
122,MATARRITA Ronald,Hematología y hemoterapia
123,MOREIRA Leonel,Anestesiología y reanimación
124,CAMPBELL Joel,Urología
125,PEMBERTON Patrick,Neurología
126,RUIZ Bryan,Medicina aeroespacial
127,ACOSTA Johnny,Medicina legal y forense
128,COLINDRES Daniel,Medicina del deporte
129,VENEGAS Johan,Nefrología
130,GONZALEZ Giancarlo,Neumología
131,CALVO Francisco,Urología
132,GUZMAN David,Toxicología
133,BORGES Celso,Neumología
134,NAVAS Keylor,Neumología
135,DUARTE Oscar,Neurología
136,AZOFEIFA Randall,Anestesiología y reanimación
137,WASTON Kendall,Oncología médica
138,MODRIC Luka,Medicina intensiva
139,BROZOVIC Marcelo,Anestesiología y reanimación
140,PIVARIC Josip,Medicina veterinaria
141,KRAMARIC Andrej,Medicina interna
142,VRSALJKO Sime,Endocrinología
143,BADELJ Milan,Endocrinología
144,VIDA Domagoj,Medicina del deporte
145,STRINIC Ivan,Medicina física y rehabilitación
146,RAKITIC Ivan,Medicina preventiva y salud pública
147,KOVACIC Mateo,Medicina física y rehabilitación
148,BRADARIC Filip,Medicina interna
149,REBIC Ante,Oncología radioterápica
150,PERISIC Ivan,Anestesiología y reanimación
151,JEDVAJ Tin,Anestesiología y reanimación
152,KALINIC Nikola,Medicina legal y forense
153,LIVAKOVIC Dominik,Toxicología
154,PJACA Marko,Pediatría
155,CORLUKA Vedran,Medicina interna
156,LOVREN Dejan,Medicina del deporte
157,SUBASIC Danijel,Anestesiología y reanimación
158,MANDZUKIC Mario,Medicina veterinaria
159,CALETA-CAR Duje,Alergología
160,KALINIC Lovre,Alergología
161,KROHN-DEHLI Michael,Medicina de urgencias
162,SISTO Pione,Cardiología
163,BRAITHWAITE Martin,Gastroenterología
164,ERIKSEN Christian,Hematología y hemoterapia
165,DELANEY Thomas,Hematología y hemoterapia
166,KVIST William,Nutriología
167,FISCHER Viktor,Geriatría
168,SCHONE Lasse,Rehabilitación
169,DALSGAARD Henrik,Medicina del trabajo
170,KNUDSEN Jonas,Infectología
171,STRYGER LARSEN Jens,Hematología y hemoterapia
172,KJAER Simon,Pediatría
173,POULSEN Yussuf Yurary,Medicina del trabajo
174,CHRISTENSEN Andreas,Hematología y hemoterapia
175,DOLBERG Kasper,Alergología
176,JORGENSEN Mathias,Medicina del deporte
177,LERAGER Lukas,Rehabilitación
178,RONNOW Frederik,Medicina familiar y comunitaria
179,JORGENSEN Nicolai,Endocrinología
180,LOSSL Jonas,Oncología médica
181,CORNELIUS Andreas,Rehabilitación
182,SCHMEICHEL Kasper,Neumología
183,VESTERGAARD Jannik,Alergología
184,TAREK HAMED,Psiquiatría
185,OMAR GABER,Geriatría
186,MOHAMED SALAH,Neumología
187,MOHAMED ABDELSHAFY,Pediatría
188,MAHMOUD HAMDY,Medicina interna
189,AYMAN ASHRAF,Medicina intensiva
190,MOHAMED ELNENY,Gastroenterología
191,SAM MORSY,Medicina interna
192,ABDALLA SAID,Medicina de urgencias
193,AHMED ELMOHAMADY,Oncología radioterápica
194,AHMED FATHI,Cardiología
195,KAHRABA,Medicina familiar y comunitaria
196,RAMADAN SOBHY,Nefrología
197,TREZEGUET,Medicina del trabajo
198,AMR WARDA,Oncología radioterápica
199,SHIKABALA,Medicina aeroespacial
200,MARWAN MOHSEN,Infectología
201,SAMIR SAAD,Anestesiología y reanimación
202,MOHAMED ELSHENAWY,Medicina del deporte
203,ALI GABR,Alergología
204,ESSAM EL HADARY,Medicina aeroespacial
205,SHERIF EKRAMY,Nutriología
206,AHMED HEGAZY,Cardiología
207,LINGARD Jesse,Medicina legal y forense
208,STERLING Raheem,Medicina de urgencias
209,ALEXANDER-ARNOLD Trent,Oncología radioterápica
210,PICKFORD Jordan,Medicina del trabajo
211,STONES John,Infectología
212,TRIPPIER Kieran,Medicina del trabajo
213,JONES Phil,Medicina intensiva
214,LOFTUS-CHEEK Ruben,Geriatría
215,ROSE Danny,Nutriología
216,ALLI Dele,Medicina veterinaria
217,POPE Nick,Gastroenterología
218,WELBECK Danny,Oncología médica
219,DELPH Fabian,Pediatría
220,YOUNG Ashley,Medicina familiar y comunitaria
221,RASHFORD Marcus,Psiquiatría
222,VARDY Jamie,Medicina intensiva
223,HENDERSON Jordan,Medicina aeroespacial
224,WALKER Kyle,Nefrología
225,CAHILL Gary,Medicina intensiva
226,DIER Eric,Oncología médica
227,BUTLAND Jack,Psiquiatría
228,MAGUIRE Harry,Hematología y hemoterapia
229,KANE Harry,Nefrología
230,LEMAR Thomas,Neurología
231,DEMBELE Ousmane,Medicina de urgencias
232,KANTE Ngolo,Medicina del trabajo
233,GRIEZMANN Antoine,Medicina preventiva y salud pública
234,MATUIDI Blaise,Rehabilitación
235,PAVARD Benjamin,Oftalmología
236,FEKIR Nabil,Medicina preventiva y salud pública
237,THAUVIN Florian,Hematología y hemoterapia
238,HERNANDEZ Lucas,Anestesiología y reanimación
239,KIMPEMBE Presnel,Pediatría
240,MBAPPE Kylian,Reumatología
241,VARANE Raphael,Hematología y hemoterapia
242,SIDIBE Djibril,Medicina aeroespacial
243,LLORIS Hugo,Oftalmología
244,TOLISSO Corentin,Oncología radioterápica
245,UMTITI Samuel,Medicina del deporte
246,MENDY Benjamin,Oncología radioterápica
247,POGBA Paul,Medicina aeroespacial
248,NZONZI Steven,Oncología médica
249,MANDANDA Steve,Cardiología
250,RAMI Adil,Nutriología
251,GIROUD Olivier,Oftalmología
252,AREOLA Alphonse,Cardiología
253,REUS Marco,Medicina legal y forense
254,OEZIL Mesut,Medicina intensiva
255,KIMMICH Joshua,Psiquiatría
256,DRAXLER Julian,Gastroenterología
257,RUDY Sebastian,Hematología y hemoterapia
258,HECTOR Jonas,Infectología
259,WERNER Timo,Oftalmología
260,MUELLER Thomas,Neurología
261,PLATTENHARDT Marvin,Anestesiología y reanimación
262,GORETZKA Leon,Alergología
263,KROOS Toni,Oncología radioterápica
264,GUENDOGAN Ilkay,Nefrología
265,KHEDIRA Sami,Anestesiología y reanimación
266,BRANDT Julian,Geriatría
267,GOMEZ Mario,Hematología y hemoterapia
268,GINTER Matthias,Medicina aeroespacial
269,RUEDIGER Antonio,Gastroenterología
270,TER STEGEN Marc-Andre,Pediatría
271,TRAPP Kevin,Oncología radioterápica
272,SUELE Niklas,Neurología
273,HUMMELS Mats,Reumatología
274,BOATENG Jerome,Psiquiatría
275,NEUER Manuel,Medicina del deporte
276,SKULASON Ari,Medicina legal y forense
277,TRAUSTASON Arnor,Reumatología
278,SAEVARSSON Birkir,Oncología radioterápica
279,RUNARSSON Runar,Geriatría
280,GUDMUNDSSON Johann,Medicina preventiva y salud pública
281,BJARNASON Birkir,Reumatología
282,FRIDJONSSON Samuel,Infectología
283,GISLASON Rurik,Medicina legal y forense
284,FINNBOGASON Alfred,Anestesiología y reanimación
285,SKULASON Olafur,Oncología radioterápica
286,GUDMUNDSSON Albert,Medicina del deporte
287,INGASON Sverrir,Toxicología
288,EYJOLFSSON Holmar,Geriatría
289,SIGURDSSON Gylfi,Medicina del trabajo
290,ARNASON Kari,Medicina aeroespacial
291,SIGURDARSON Bjorn,Nefrología
292,MAGNUSSON Hordur,Psiquiatría
293,SIGURDSSON Ragnar,Medicina aeroespacial
294,GUNNARSSON Aron,Medicina de urgencias
295,HALLFREDSSON Emil,Medicina legal y forense
296,HALLDORSSON Hannes,Psiquiatría
297,BODVARSSON Jon,Psiquiatría
298,SCHRAM Frederik,Medicina preventiva y salud pública
299,MOHAMMADI Milad,Medicina de urgencias
300,TORABI Mehdi,Medicina del deporte
301,AMIRI Vahid,Hematología y hemoterapia
302,HAJI SAFI Ehsan,Hematología y hemoterapia
303,EBRAHIMI Omid,Nefrología
304,REZAEIAN Ramin,Medicina física y rehabilitación
305,MONTAZERI Pejman,Medicina del trabajo
306,JAHANBAKHSH Alireza,Anestesiología y reanimación
307,HOSSEINI Majid,Oftalmología
308,DEJAGAH Ashkan,Hematología y hemoterapia
309,SHOJAEI Masoud,Pediatría
310,GHODDOS  Saman,Medicina legal y forense
311,GHOOCHANNEJHAD Reza,Reumatología
312,CHESHMI Roozbeh,Infectología
313,ANSARIFARD Karim,Endocrinología
314,KHANZADEH Mohammad Reza,Urología
315,TAREMI Mehdi,Gastroenterología
316,AZMOUN Sardar,Alergología
317,ABEDZADEH Amir,Medicina intensiva
318,EZATOLAHI Saeid,Medicina familiar y comunitaria
319,POURALIGANJI Morteza,Pediatría
320,MAZAHERI Rashid,Endocrinología
321,BEIRANVAND Ali,Neumología
322,INUI Takashi,Gastroenterología
323,SHIBASAKI Gaku,Medicina aeroespacial
324,OSHIMA Ryota,Nutriología
325,NAGATOMO Yuto,Oncología médica
326,HARAGUCHI Genki,Anestesiología y reanimación
327,KAGAWA Shinji,Nutriología
328,OKAZAKI Shinji,Medicina familiar y comunitaria
329,SAKAI Hiroki,Gastroenterología
330,OSAKO Yuya,Medicina familiar y comunitaria
331,USAMI Takashi,Gastroenterología
332,MUTO Yoshinori,Nutriología
333,YAMAGUCHI Hotaru,Oncología radioterápica
334,HASEBE Makoto,Psiquiatría
335,NAKAMURA Kosuke,Oncología radioterápica
336,KAWASHIMA Eiji,Gastroenterología
337,SHOJI Gen,Infectología
338,HONDA Keisuke,Medicina interna
339,SAKAI Gotoku,Neumología
340,ENDO Wataru,Neurología
341,MAKINO Tomoaki,Medicina interna
342,HIGASHIGUCHI Masaaki,Infectología
343,YOSHIDA Maya,Pediatría
344,UEDA Naomichi,Nefrología
345,LEE Seungwoo,Medicina del trabajo
346,GO Yohan,Medicina del deporte
347,HONG Chul,Neurología
348,MOON Seonmin,Hematología y hemoterapia
349,KIM Minwoo,Toxicología
350,JU Sejong,Neumología
351,LEE Jaesung,Medicina aeroespacial
352,PARK Jooho,Medicina de urgencias
353,KOO Jacheol,Gastroenterología
354,LEE Yong,Medicina legal y forense
355,JUNG Seunghyun,Medicina legal y forense
356,KIM Younggwon,Endocrinología
357,KI Sungyueng,Medicina interna
358,JO Hyeonwoo,Medicina física y rehabilitación
359,SON Heungmin,Medicina del trabajo
360,HWANG Heechan,Alergología
361,JANG Hyunsoo,Pediatría
362,YUN Youngsun,Endocrinología
363,JUNG Wooyoung,Nutriología
364,OH Bansuk,Psiquiatría
365,KIM Seunggyu,Alergología
366,KIM Jinhyeon,Medicina aeroespacial
367,KIM Shinwook,Nefrología
368,AQUINO Javier,Endocrinología
369,GUARDADO Andres,Psiquiatría
370,LOZANO Hirving,Oncología médica
371,DOS SANTOS Jonathan,Medicina física y rehabilitación
372,CORONA Jesus,Medicina del trabajo
373,FABIAN Marco,Medicina física y rehabilitación
374,DOS SANTOS Giovani,Medicina legal y forense
375,HERNANDEZ Javier,Reumatología
376,LAYUN Miguel,Nutriología
377,PERALTA Oribe,Pediatría
378,ALVAREZ Edson,Gastroenterología
379,GALLARDO Jesus,Reumatología
380,OCHOA Guillermo,Neumología
381,MARQUEZ Rafael,Alergología
382,REYES Diego,Nutriología
383,VELA Carlos,Oftalmología
384,JIMENEZ Raul,Alergología
385,HERRERA Hector,Cardiología
386,CORONA Jose,Neumología
387,AYALA Hugo,Neurología
388,MORENO Hector,Pediatría
389,SALCEDO Carlos,Oncología médica
390,TALAVERA Alfredo,Hematología y hemoterapia
391,BOUSSOUFA Mbark,Psiquiatría
392,HAKIMI Achraf,Psiquiatría
393,HARIT Amine,Medicina del trabajo
394,CARCELA Mehdi,Medicina aeroespacial
395,MENDYL Hamza,Rehabilitación
396,ZIYACH Hakim,Medicina de urgencias
397,TAGNAOUTI Ahmed,Rehabilitación
398,EL KAABI Ayoub,Medicina preventiva y salud pública
399,FAJR Faycal,Medicina interna
400,BELHANDA Younes,Geriatría
401,AIT BENNASSER Youssef,Anestesiología y reanimación
402,EN NESYRI Youssef,Medicina legal y forense
403,SAISS Romain,Nefrología
404,BOUNOU Yassine,Oncología radioterápica
405,AMRABAT Noureddine,Medicina física y rehabilitación
406,AMRABAT Sofyan,Anestesiología y reanimación
407,DA COSTA Manuel,Medicina intensiva
408,EL AHMADI Karim,Urología
409,BOUTAIB Khalid,Medicina familiar y comunitaria
410,BOUHADDOUZ Aziz,Oftalmología
411,DIRAR Nabil,Medicina preventiva y salud pública
412,BENATIA Mehdi,Nutriología
413,EL KAJOUI Monir,Medicina física y rehabilitación
414,MUSA Ahmed,Medicina interna
415,NDIDI Onyinye,Medicina preventiva y salud pública
416,ETEBO Oghenekaro,Medicina interna
417,ONAZI Ogenyi,Medicina preventiva y salud pública
418,EBUEHI Tyronne,Medicina del trabajo
419,IDOWU Bryan,Medicina física y rehabilitación
420,MOSES Victor,Nutriología
421,SHEHU Abdullahi,Anestesiología y reanimación
422,AWAZIEM Chidozie,Nefrología
423,OBI Joel,Medicina interna
424,EZENWA Ikechukwu,Medicina intensiva
425,IHEANACHO Kelechi,Medicina preventiva y salud pública
426,ECHIEJILE Elderson,Geriatría
427,MIKEL John Obi,Rehabilitación
428,OMERUO Kenneth,Medicina veterinaria
429,IGHALO Odion,Oftalmología
430,EKONG William,Neurología
431,IWOBI Alex,Nutriología
432,BALOGUN Leon,Endocrinología
433,NWANKWO Simeon,Medicina familiar y comunitaria
434,OGU John,Infectología
435,UZOHO Francis,Toxicología
436,AKPEYI Daniel,Gastroenterología
437,QUINTERO Alberto,Urología
438,PENEDO Jaime,Medicina veterinaria
439,BARCENAS Edgar,Nefrología
440,DIAZ Ismael,Hematología y hemoterapia
441,COOPER Armando,Medicina de urgencias
442,OVALLE Luis,Medicina del trabajo
443,TORRES Gabriel,Alergología
444,RODRIGUEZ Jose Luis,Nutriología
445,MURILLO Michael,Pediatría
446,MACHADO Adolfo,Anestesiología y reanimación
447,PIMENTEL Valentin,Endocrinología
448,DAVIS Eric,Oncología médica
449,ESCOBAR Fidel,Cardiología
450,GOMEZ Gabriel,Oftalmología
451,ARROYO Abdiel,Endocrinología
452,GODOY Anibal,Medicina de urgencias
453,PEREZ Blas,Toxicología
454,RODRIGUEZ Alex,Cardiología
455,CALDERON Jose,Endocrinología
456,TEJADA Luis,Cardiología
457,BALOY Felipe,Medicina aeroespacial
458,CUMMINGS Harold,Medicina de urgencias
459,TORRES Roman,Urología
460,HURTADO Paolo,Infectología
461,RUIDIAZ Raul,Medicina del deporte
462,LOYOLA Nilson,Endocrinología
463,CUEVA Christian,Cardiología
464,YOTUN Yoshimar,Medicina intensiva
465,POLO Andy,Gastroenterología
466,AQUINO Pedro,Medicina del trabajo
467,RAMOS Christian,Nefrología
468,FLORES Edison,Infectología
469,TRAUCO Miguel,Endocrinología
470,CORZO Aldo,Medicina del deporte
471,CARTAGENA Wilder,Cardiología
472,ARAUJO Miguel,Hematología y hemoterapia
473,CARRILLO Andre,Medicina interna
474,RODRIGUEZ Alberto,Psiquiatría
475,CACEDA Carlos,Medicina de urgencias
476,GALLESE Pedro,Pediatría
477,ADVINCULA Luis,Nefrología
478,SANTAMARIA Anderson,Medicina del deporte
479,CARVALLO Jose,Oncología radioterápica
480,FARFAN Jefferson,Medicina del deporte
481,TAPIA Renato,Endocrinología
482,GUERRERO Paolo,Medicina intensiva
483,ZIELINSKI Piotr,Medicina legal y forense
484,GORALSKI Jacek,Medicina familiar y comunitaria
485,PESZKO Slawomir,Medicina preventiva y salud pública
486,BLASZCZYKOWSKI Jakub,Medicina preventiva y salud pública
487,BERESZYNSKI Bartosz,Medicina legal y forense
488,LINETTY Karol,Gastroenterología
489,KURZAWA Rafal,Geriatría
490,RYBUS Maciej,Psiquiatría
491,KOWNACKI Dawid,Alergología
492,BEDNAREK Jan,Oftalmología
493,PAZDAN Michal,Neumología
494,JEDRZEJCZYK Artur,Oncología médica
495,GROSICKI Kamil,Hematología y hemoterapia
496,TEODORCZYK Lukasz,Rehabilitación
497,LEWANDOWSKI Robert,Medicina del deporte
498,PISZCZEK Lukasz,Medicina preventiva y salud pública
499,GLIK Kamil,Medicina preventiva y salud pública
500,CIONEK Thiago,Oncología médica
501,MILIK Arkadiusz,Medicina veterinaria
502,KRYCHOWIAK Grzegorz,Anestesiología y reanimación
503,BIALKOWSKI Bartosz,Medicina del deporte
504,FABIANSKI Lukasz,Infectología
505,SZCZESNY Wojciech,Nefrología
506,JOAO MOUTINHO,Medicina aeroespacial
507,GELSON MARTINS,Medicina interna
508,RAPHAEL GUERREIRO,Oncología radioterápica
509,BRUNO FERNANDES,Rehabilitación
510,BERNARDO SILVA,Medicina del trabajo
511,MARIO RUI,Endocrinología
512,CEDRIC,Toxicología
513,MANUEL FERNANDES,Medicina del trabajo
514,RICARDO,Gastroenterología
515,GONCALO GUEDES,Rehabilitación
516,ADRIEN SILVA,Hematología y hemoterapia
517,JOAO MARIO,Medicina de urgencias
518,RICARDO QUARESMA,Oftalmología
519,ANDRE SILVA,Medicina familiar y comunitaria
520,BETO,Pediatría
521,CRISTIANO RONALDO,Oftalmología
522,WILLIAM,Medicina familiar y comunitaria
523,PEPE,Medicina aeroespacial
524,ANTHONY LOPES,Medicina veterinaria
525,BRUNO ALVES,Oftalmología
526,RUBEN DIAS,Medicina veterinaria
527,RUI PATRICIO,Medicina aeroespacial
528,JOSE FONTE,Rehabilitación
529,MIRANCHUK Anton,Neurología
530,CHERYSHEV Denis,Neumología
531,GOLOVIN Aleksandr,Psiquiatría
532,SMOLNIKOV Igor,Neurología
533,DZAGOEV Alan,Anestesiología y reanimación
534,KUZIAEV Daler,Nefrología
535,SAMEDOV Alexander,Nefrología
536,GAZINSKY Iury,Gastroenterología
537,ZHIRKOV Yury,Nefrología
538,ZOBNIN Roman,Medicina de urgencias
539,MIRANCHUK Alexey,Medicina legal y forense
540,KUDRIASHOV Fedor,Hematología y hemoterapia
541,MARIO FERNANDES,Anestesiología y reanimación
542,SMOLOV Fedor,Cardiología
543,EROKHIN Aleksandr,Oftalmología
544,LUNEV Andrei,Medicina física y rehabilitación
545,GRANAT Vladimir,Reumatología
546,GABULOV Vladimir,Geriatría
547,KUTEPOV Ilya,Medicina interna
548,AKINFEEV Igor,Reumatología
549,IGNASHEVICH Sergey,Medicina veterinaria
550,SEMENOV Andrey,Endocrinología
551,DZYUBA Artem,Medicina física y rehabilitación
552,MOHAMMED ALBURAYK,Medicina legal y forense
553,SALMAN ALFARAJ,Oncología radioterápica
554,YAHIA ALSHEHRI,Anestesiología y reanimación
555,YASIR ALSHAHRANI,Medicina intensiva
556,FAHAD ALMUWALLAD,Medicina del trabajo
557,HATAN BAHBIR,Gastroenterología
558,ABDULLAH OTAYF,Psiquiatría
559,ABDULLAH ALKHAIBARI,Oftalmología
560,MANSOUR ALHARBI,Alergología
561,SALEM ALDAWSARI,Nefrología
562,TAISEER ALJASSAM,Reumatología
563,ABDULMALEK ALKHAIBRI,Anestesiología y reanimación
564,MOHAMED KANNO,Geriatría
565,MOHAMMED ALSAHLAWI,Endocrinología
566,OMAR OTHMAN,Endocrinología
567,HUSSAIN ALMOQAHWI,Medicina del trabajo
568,MUHANNAD ASIRI,Medicina aeroespacial
569,MOHAMMED ALOWAIS,Neumología
570,MOTAZ HAWSAWI,Hematología y hemoterapia
571,OSAMA HAWSAWI,Oncología radioterápica
572,ALI ALBULAYHI,Pediatría
573,YASSER ALMOSAILEM,Endocrinología
574,ABDULLAH ALMUAIOUF,Medicina de urgencias
575,GUEYE Idrissa Gana,Infectología
576,CISS Saliou,Neurología
577,MANE Sadio,Oncología médica
578,SARR Ismaila,Geriatría
579,WAGUE Moussa,Anestesiología y reanimación
580,SABALY Youssouf,Nefrología
581,NDIAYE Pape Alioune,Cardiología
582,NIANG Mbaye,Urología
583,GASSAMA Lamine,Neurología
584,SOW Moussa,Pediatría
585,KOUYATE Cheikhou,Pediatría
586,BALDE Keita,Cardiología
587,KONATE Moussa,Toxicología
588,DIALLO Abdoulaye,Cardiología
589,SAKHO Diafra,Medicina interna
590,NDIAYE Alfred,Medicina intensiva
591,NDIAYE Khadim,Infectología
592,GOMIS Alfred,Neumología
593,DIOUF Mame,Toxicología
594,SANE Salif,Oncología médica
595,MBODJI Kara,Neumología
596,KOULIBALY Kalidou,Infectología
597,NDOYE Cheikh,Reumatología
598,ZIVKOVIC Andrija,Medicina de urgencias
599,RODIC Milan,Neurología
600,RUKAVINA Antonio,Medicina del trabajo
601,LJAJIC Adem,Oftalmología
602,JOVIC Luka,Cardiología
603,TADIC Dusan,Nutriología
604,RADONJIC Nemanja,Urología
605,MILINKOVIC-SAVIC Sergej,Gastroenterología
606,VELJKOVIC Milos,Medicina de urgencias
607,TOSIC Dusko,Medicina legal y forense
608,MILIVOJEVIC Luka,Oftalmología
609,SPAJIC Uros,Medicina del trabajo
610,MITROVIC Aleksandar,Pediatría
611,GRUJIC Marko,Pediatría
612,KOSTIC Filip,Medicina del deporte
613,KOLAROV Aleksandar,Medicina familiar y comunitaria
614,RAJKOVIC Predrag,Neurología
615,MATIC Nemanja,Medicina aeroespacial
616,PRIJOVIC Aleksandar,Medicina aeroespacial
617,IVANOVIC Branislav,Medicina intensiva
618,MILENKOVIC Nikola,Medicina del deporte
619,DMITROVIC Marko,Medicina familiar y comunitaria
620,STOJKOVIC Vladimir,Medicina preventiva y salud pública
621,ODRIOZOLA Alvaro,Hematología y hemoterapia
622,ASPAS Iago,Anestesiología y reanimación
623,SILVA David,Psiquiatría
624,INIESTA Andres,Hematología y hemoterapia
625,ALBA Jordi,Medicina preventiva y salud pública
626,THIAGO,Neumología
627,VAZQUEZ Lucas,Medicina preventiva y salud pública
628,DE GEA David,Rehabilitación
629,RODRIGO,Neurología
630,MONREAL Nacho,Medicina del deporte
631,CARVAJAL Dani,Neumología
632,KOKE,Oncología médica
633,ISCO,Medicina veterinaria
634,RAMOS Sergio,Medicina física y rehabilitación
635,SAUL,Medicina intensiva
636,ASENSIO Marco,Psiquiatría
637,NACHO,Medicina legal y forense
638,BUSQUETS Sergio,Medicina de urgencias
639,AZPILICUETA Cesar,Medicina de urgencias
640,ARRIZABALAGA Kepa,Toxicología
641,PIQUE Gerard,Toxicología
642,COSTA Diego,Medicina familiar y comunitaria
643,REINA Pepe,Alergología
644,DURMAZ Jimmy,Reumatología
645,LARSSON Sebastian,Medicina familiar y comunitaria
646,KRAFTH Emil,Medicina interna
647,HILJEMARK Oscar,Nefrología
648,EKDAL Albin,Urología
649,AUGUSTINSSON Ludwig,Hematología y hemoterapia
650,BERG Marcus,Geriatría
651,ROHDEN Marcus,Reumatología
652,LUSTIG Mikael,Medicina familiar y comunitaria
653,SVENSSON Gustav,Neumología
654,FORSBERG Emil,Gastroenterología
655,TOIVONEN Ola,Medicina preventiva y salud pública
656,GUIDETTI John,Neumología
657,CLAESSON Viktor,Medicina física y rehabilitación
658,LINDELOF Victor,Urología
659,OLSSON Martin,Medicina física y rehabilitación
660,JOHNSSON Karl-Johan,Toxicología
661,HELANDER Filip,Alergología
662,THELIN Isaac Kiese,Psiquiatría
663,GRANQVIST Andreas,Rehabilitación
664,NORDFELDT Kristoffer,Medicina familiar y comunitaria
665,OLSEN Robin,Medicina del trabajo
666,JANSSON Pontus,Alergología
667,FERNANDES Gelson,Oncología médica
668,FREULER Remo,Neumología
669,GAVRANOVIC Mario,Medicina de urgencias
670,MOUBANDJE Francois,Toxicología
671,LICHTSTEINER Stephan,Pediatría
672,ELVEDI Nico,Nutriología
673,DZEMAILI Blerim,Medicina intensiva
674,ZAKARIA Denis,Cardiología
675,LANG Michael,Geriatría
676,BEHRAMI Valon,Anestesiología y reanimación
677,DRMIC Josip,Nutriología
678,SHAQIRI Xherdan,Medicina intensiva
679,RODRIGUEZ Ricardo,Urología
680,ZUBER Steven,Medicina de urgencias
681,SOMMER Yann,Reumatología
682,XHAKA Granit,Medicina familiar y comunitaria
683,BUERKI Roman,Toxicología
684,SCHAER Fabian,Medicina veterinaria
685,MVOGO Yvon,Alergología
686,AKANJI Manuel,Oncología radioterápica
687,EMBOLO Breel,Reumatología
688,SEFEROVIC Haris,Nutriología
689,DJOUROU Johan,Medicina intensiva
690,SLITI Naim,Endocrinología
691,SKHIRI Ellyes,Nefrología
692,MERIAH Yassine,Oncología médica
693,BADRI Anice,Alergología
694,CHAALELI Ghaylen,Alergología
695,HASSEN Mouez,Geriatría
696,SRARFI Bassem,Psiquiatría
697,MAALOUL Ali,Medicina de urgencias
698,KHALIFA Saber,Infectología
699,BEN ALOUANE Yohan,Neurología
700,BRONN Dylan,Medicina del deporte
701,BEN AMOR Mohamed,Medicina interna
702,KHALIL Ahmed,Reumatología
703,NAGUEZ Hamdi,Medicina veterinaria
704,HADDADI Oussama,Medicina intensiva
705,KHAOUI Saifeddine,Medicina de urgencias
706,KHAZRI Wahbi,Pediatría
707,BEDOUI Rami,Medicina del trabajo
708,BEN YOUSSEF Fakhreddine,Medicina intensiva
709,SASSI Ferjani,Pediatría
710,MATHLOUTHI Aymen,Medicina aeroespacial
711,BEN MUSTAPHA Farouk,Medicina interna
712,BEN YOUSSEF Syam,Nutriología
713,NANDEZ Nahitan,Rehabilitación
714,TORREIRA Lucas,Nutriología
715,DE ARRASCAETA Giorgian,Medicina del trabajo
716,LAXALT Diego,Endocrinología
717,URRETAVISCAYA Jonathan,Alergología
718,VARELA Guillermo,Anestesiología y reanimación
719,GODIN Diego,Medicina de urgencias
720,BENTANCUR Rodrigo,Rehabilitación
721,PEREIRA Maximiliano,Medicina veterinaria
722,MUSLERA Fernando,Pediatría
723,SANCHEZ Carlos,Medicina física y rehabilitación
724,SILVA Gaston,Geriatría
725,CACERES Martin,Infectología
726,GIMENEZ Jose,Oftalmología
727,STUANI Cristhian,Anestesiología y reanimación
728,CAVANI Edinson,Hematología y hemoterapia
729,RODRIGUEZ Cristian,Oftalmología
730,CAMPANA Martin,Medicina física y rehabilitación
731,VECINO Matias,Oncología radioterápica
732,SILVA Martin,Nefrología
733,SUAREZ Luis,Gastroenterología
734,GOMEZ Maximiliano,Cardiología
735,COATES Sebastian,Medicina del deporte
