	id_medico	nombre_medico	nombre_especialidad
0	0	TAGLIAFICO Nicolas	Medicina intensiva
1	1	PAVON Cristian	Endocrinología
2	2	LANZINI Manuel	Neurología
3	3	SALVIO Eduardo	Medicina familiar y comunitaria
4	4	MESSI Lionel	Infectología
5	5	ANSALDI Cristian	Oncología médica
6	6	BIGLIA Lucas	Medicina física y rehabilitación
7	7	BANEGA Ever	Nefrología
8	8	MASCHERANO Javier	Medicina preventiva y salud pública
9	9	DYBALA Paulo	Oftalmología
10	10	AGUERO Sergio	Toxicología
11	11	HIGUAIN Gonzalo	Medicina preventiva y salud pública
12	12	DI MARIA Angel	Rehabilitación
13	13	LO CELSO Giovani	Neurología
14	14	MEZA Maximiliano	Medicina del deporte
15	15	ACUNA Marcos	Anestesiología y reanimación
16	16	CABALLERO Wilfredo	Medicina intensiva
17	17	MERCADO Gabriel	Alergología
18	18	OTAMENDI Nicolas	Oncología médica
19	19	ROJO Marcos	Infectología
20	20	FAZIO Federico	Hematología y hemoterapia
21	21	ARMANI Franco	Psiquiatría
22	22	GUZMAN Nahuel	Alergología
23	23	BEHICH Aziz	Medicina aeroespacial
24	24	KRUSE Robbie	Medicina preventiva y salud pública
25	25	RISDON Joshua	Neumología
26	26	MEREDITH James	Medicina preventiva y salud pública
27	27	MOOY Aaron	Cardiología
28	28	MacLAREN Jamie	Oncología médica
29	29	PETRATOS Dimitrios	Medicina del trabajo
30	30	ARZANI Daniel	Medicina legal y forense
31	31	CAHILL Tim	Urología
32	32	LUONGO Massimo	Nutriología
33	33	SAINSBURY Trent	Medicina veterinaria
34	34	IRVINE Jackson	Nefrología
35	35	MILLIGAN Mark	Nefrología
36	36	JEDINAK Mile	Nefrología
37	37	JURIC Tomi	Medicina interna
38	38	RYAN Mathew	Medicina del trabajo
39	39	JURMAN Matthew	Geriatría
40	40	LECKIE Mathew	Medicina familiar y comunitaria
41	41	DEGENEK Milos	Oncología radioterápica
42	42	NABBOUT Andrew	Rehabilitación
43	43	JONES Brad	Medicina veterinaria
44	44	ROGIC Tom	Rehabilitación
45	45	VUKOVIC Danny	Toxicología
46	46	MERTENS Dries	Oftalmología
47	47	CARRASCO Yannick	Oftalmología
48	48	DE BRUYNE Kevin	Nefrología
49	49	HAZARD Thorgan	Infectología
50	50	TIELEMANS Youri	Geriatría
51	51	WITSEL Axel	Medicina del trabajo
52	52	HAZARD Eden	Hematología y hemoterapia
53	53	JANUZAJ Adnan	Medicina del trabajo
54	54	DENDONCKER Leander	Medicina aeroespacial
55	55	BATSHUAYI Michy	Medicina veterinaria
56	56	VERMAELEN Thomas	Medicina del deporte
57	57	ALDERWEIRELD Toby	Hematología y hemoterapia
58	58	DEMBELE Moussa	Alergología
59	59	BOYATA Dedryck	Nefrología
60	60	KOMPANY Vincent	Infectología
61	61	FELLAINI Marouane	Medicina interna
62	62	CHADLI Nacer	Oncología radioterápica
63	63	VERTONGHEN Jan	Toxicología
64	64	CASTEELS Koen	Nefrología
65	65	MIGNOLET Simon	Neumología
66	66	MEUNIER Thomas	Medicina de urgencias
67	67	COURTOIS Thibaut	Medicina interna
68	68	LUKAKU Romelu	Toxicología
69	69	FRED	Geriatría
70	70	TAISON	Medicina preventiva y salud pública
71	71	FERNANDINHO	Medicina física y rehabilitación
72	72	FAGNER	Medicina interna
73	73	NEYMAR	Anestesiología y reanimación
74	74	PHILIPPE COUTINHO	Gastroenterología
75	75	DOUGLAS COSTA	Reumatología
76	76	FILIPE LUIS	Infectología
77	77	GABRIEL JESUS	Nutriología
78	78	MARQUINHOS	Geriatría
79	79	ROBERTO FIRMINO	Urología
80	80	WILLIAN	Infectología
81	81	MIRANDA	Nutriología
82	82	DANILO	Medicina interna
83	83	THIAGO SILVA	Hematología y hemoterapia
84	84	MARCELO	Neumología
85	85	PAULINHO	Cardiología
86	86	PEDRO GEROMEL	Medicina aeroespacial
87	87	CASEMIRO	Pediatría
88	88	RENATO AUGUSTO	Medicina intensiva
89	89	EDERSON	Oftalmología
90	90	ALISSON	Neurología
91	91	CASSIO	Hematología y hemoterapia
92	92	QUINTERO Juan	Urología
93	93	MOJICA Johan	Pediatría
94	94	LERMA Jefferson	Infectología
95	95	ARIAS Santiago	Medicina del deporte
96	96	URIBE Mateus	Medicina del deporte
97	97	FALCAO Radamel	Medicina del trabajo
98	98	CUADRADO Juan	Rehabilitación
99	99	FABRA Frank	Rehabilitación
100	100	IZQUIERDO Jose	Oncología radioterápica
101	101	BARRIOS  Wilmar	Pediatría
102	102	BORJA Miguel	Toxicología
103	103	RODRIGUEZ James	Toxicología
104	104	BACCA Carlos	Medicina intensiva
105	105	MURIEL Luis	Medicina aeroespacial
106	106	OSPINA David	Hematología y hemoterapia
107	107	MURILLO Oscar	Neumología
108	108	VARGAS Camilo	Medicina intensiva
109	109	CUADRADO Jose	Gastroenterología
110	110	SANCHEZ Davinson	Medicina veterinaria
111	111	ZAPATA Cristian	Anestesiología y reanimación
112	112	SANCHEZ Carlos	Urología
113	113	AGUILAR Abel	Medicina del deporte
114	114	MINA Yerry	Medicina del deporte
115	115	BOLANOS Christian	Alergología
116	116	GAMBOA Cristian	Hematología y hemoterapia
117	117	TEJEDA Yeltsin	Infectología
118	118	SMITH Ian	Psiquiatría
119	119	OVIEDO Bryan	Geriatría
120	120	WALLACE Rodney	Oncología radioterápica
121	121	URENA Marcos	Psiquiatría
122	122	MATARRITA Ronald	Alergología
123	123	MOREIRA Leonel	Gastroenterología
124	124	CAMPBELL Joel	Oncología médica
125	125	PEMBERTON Patrick	Rehabilitación
126	126	RUIZ Bryan	Medicina del trabajo
127	127	ACOSTA Johnny	Nefrología
128	128	COLINDRES Daniel	Medicina legal y forense
129	129	VENEGAS Johan	Medicina familiar y comunitaria
130	130	GONZALEZ Giancarlo	Infectología
131	131	CALVO Francisco	Medicina intensiva
132	132	GUZMAN David	Medicina de urgencias
133	133	BORGES Celso	Alergología
134	134	NAVAS Keylor	Medicina preventiva y salud pública
135	135	DUARTE Oscar	Nutriología
136	136	AZOFEIFA Randall	Alergología
137	137	WASTON Kendall	Neurología
138	138	MODRIC Luka	Neurología
139	139	BROZOVIC Marcelo	Rehabilitación
140	140	PIVARIC Josip	Toxicología
141	141	KRAMARIC Andrej	Cardiología
142	142	VRSALJKO Sime	Medicina legal y forense
143	143	BADELJ Milan	Rehabilitación
144	144	VIDA Domagoj	Psiquiatría
145	145	STRINIC Ivan	Pediatría
146	146	RAKITIC Ivan	Gastroenterología
147	147	KOVACIC Mateo	Nefrología
148	148	BRADARIC Filip	Oftalmología
149	149	REBIC Ante	Medicina familiar y comunitaria
150	150	PERISIC Ivan	Psiquiatría
151	151	JEDVAJ Tin	Oftalmología
152	152	KALINIC Nikola	Medicina veterinaria
153	153	LIVAKOVIC Dominik	Rehabilitación
154	154	PJACA Marko	Neurología
155	155	CORLUKA Vedran	Nutriología
156	156	LOVREN Dejan	Alergología
157	157	SUBASIC Danijel	Anestesiología y reanimación
158	158	MANDZUKIC Mario	Anestesiología y reanimación
159	159	CALETA-CAR Duje	Anestesiología y reanimación
160	160	KALINIC Lovre	Cardiología
161	161	KROHN-DEHLI Michael	Hematología y hemoterapia
162	162	SISTO Pione	Medicina legal y forense
163	163	BRAITHWAITE Martin	Neurología
164	164	ERIKSEN Christian	Medicina aeroespacial
165	165	DELANEY Thomas	Oftalmología
166	166	KVIST William	Gastroenterología
167	167	FISCHER Viktor	Psiquiatría
168	168	SCHONE Lasse	Endocrinología
169	169	DALSGAARD Henrik	Infectología
170	170	KNUDSEN Jonas	Oncología médica
171	171	STRYGER LARSEN Jens	Medicina del deporte
172	172	KJAER Simon	Medicina del trabajo
173	173	POULSEN Yussuf Yurary	Hematología y hemoterapia
174	174	CHRISTENSEN Andreas	Neurología
175	175	DOLBERG Kasper	Geriatría
176	176	JORGENSEN Mathias	Neurología
177	177	LERAGER Lukas	Oncología médica
178	178	RONNOW Frederik	Medicina familiar y comunitaria
179	179	JORGENSEN Nicolai	Medicina veterinaria
180	180	LOSSL Jonas	Neurología
181	181	CORNELIUS Andreas	Toxicología
182	182	SCHMEICHEL Kasper	Nefrología
183	183	VESTERGAARD Jannik	Medicina familiar y comunitaria
184	184	TAREK HAMED	Oftalmología
185	185	OMAR GABER	Nefrología
186	186	MOHAMED SALAH	Medicina interna
187	187	MOHAMED ABDELSHAFY	Cardiología
188	188	MAHMOUD HAMDY	Medicina aeroespacial
189	189	AYMAN ASHRAF	Alergología
190	190	MOHAMED ELNENY	Infectología
191	191	SAM MORSY	Reumatología
192	192	ABDALLA SAID	Medicina interna
193	193	AHMED ELMOHAMADY	Endocrinología
194	194	AHMED FATHI	Endocrinología
195	195	KAHRABA	Hematología y hemoterapia
196	196	RAMADAN SOBHY	Geriatría
197	197	TREZEGUET	Rehabilitación
198	198	AMR WARDA	Infectología
199	199	SHIKABALA	Alergología
200	200	MARWAN MOHSEN	Medicina del deporte
201	201	SAMIR SAAD	Medicina del deporte
202	202	MOHAMED ELSHENAWY	Medicina interna
203	203	ALI GABR	Medicina física y rehabilitación
204	204	ESSAM EL HADARY	Medicina del trabajo
205	205	SHERIF EKRAMY	Geriatría
206	206	AHMED HEGAZY	Urología
207	207	LINGARD Jesse	Nefrología
208	208	STERLING Raheem	Medicina familiar y comunitaria
209	209	ALEXANDER-ARNOLD Trent	Medicina preventiva y salud pública
210	210	PICKFORD Jordan	Oncología radioterápica
211	211	STONES John	Medicina del trabajo
212	212	TRIPPIER Kieran	Rehabilitación
213	213	JONES Phil	Medicina física y rehabilitación
214	214	LOFTUS-CHEEK Ruben	Anestesiología y reanimación
215	215	ROSE Danny	Urología
216	216	ALLI Dele	Endocrinología
217	217	POPE Nick	Medicina intensiva
218	218	WELBECK Danny	Alergología
219	219	DELPH Fabian	Cardiología
220	220	YOUNG Ashley	Rehabilitación
221	221	RASHFORD Marcus	Nutriología
222	222	VARDY Jamie	Medicina del trabajo
223	223	HENDERSON Jordan	Toxicología
224	224	WALKER Kyle	Reumatología
225	225	CAHILL Gary	Nefrología
226	226	DIER Eric	Endocrinología
227	227	BUTLAND Jack	Reumatología
228	228	MAGUIRE Harry	Gastroenterología
229	229	KANE Harry	Medicina aeroespacial
230	230	LEMAR Thomas	Endocrinología
231	231	DEMBELE Ousmane	Medicina intensiva
232	232	KANTE Ngolo	Infectología
233	233	GRIEZMANN Antoine	Urología
234	234	MATUIDI Blaise	Medicina legal y forense
235	235	PAVARD Benjamin	Infectología
236	236	FEKIR Nabil	Medicina preventiva y salud pública
237	237	THAUVIN Florian	Nutriología
238	238	HERNANDEZ Lucas	Oncología radioterápica
239	239	KIMPEMBE Presnel	Rehabilitación
240	240	MBAPPE Kylian	Oftalmología
241	241	VARANE Raphael	Medicina del trabajo
242	242	SIDIBE Djibril	Neurología
243	243	LLORIS Hugo	Medicina intensiva
244	244	TOLISSO Corentin	Nefrología
245	245	UMTITI Samuel	Medicina preventiva y salud pública
246	246	MENDY Benjamin	Gastroenterología
247	247	POGBA Paul	Nutriología
248	248	NZONZI Steven	Infectología
249	249	MANDANDA Steve	Reumatología
250	250	RAMI Adil	Anestesiología y reanimación
251	251	GIROUD Olivier	Endocrinología
252	252	AREOLA Alphonse	Toxicología
253	253	REUS Marco	Psiquiatría
254	254	OEZIL Mesut	Anestesiología y reanimación
255	255	KIMMICH Joshua	Medicina del deporte
256	256	DRAXLER Julian	Nutriología
257	257	RUDY Sebastian	Reumatología
258	258	HECTOR Jonas	Psiquiatría
259	259	WERNER Timo	Medicina del deporte
260	260	MUELLER Thomas	Alergología
261	261	PLATTENHARDT Marvin	Medicina del deporte
262	262	GORETZKA Leon	Neumología
263	263	KROOS Toni	Medicina aeroespacial
264	264	GUENDOGAN Ilkay	Toxicología
265	265	KHEDIRA Sami	Medicina intensiva
266	266	BRANDT Julian	Toxicología
267	267	GOMEZ Mario	Medicina preventiva y salud pública
268	268	GINTER Matthias	Psiquiatría
269	269	RUEDIGER Antonio	Hematología y hemoterapia
270	270	TER STEGEN Marc-Andre	Endocrinología
271	271	TRAPP Kevin	Medicina aeroespacial
272	272	SUELE Niklas	Oncología médica
273	273	HUMMELS Mats	Medicina intensiva
274	274	BOATENG Jerome	Psiquiatría
275	275	NEUER Manuel	Endocrinología
276	276	SKULASON Ari	Medicina interna
277	277	TRAUSTASON Arnor	Psiquiatría
278	278	SAEVARSSON Birkir	Oncología radioterápica
279	279	RUNARSSON Runar	Cardiología
280	280	GUDMUNDSSON Johann	Hematología y hemoterapia
281	281	BJARNASON Birkir	Medicina de urgencias
282	282	FRIDJONSSON Samuel	Rehabilitación
283	283	GISLASON Rurik	Pediatría
284	284	FINNBOGASON Alfred	Alergología
285	285	SKULASON Olafur	Gastroenterología
286	286	GUDMUNDSSON Albert	Medicina preventiva y salud pública
287	287	INGASON Sverrir	Rehabilitación
288	288	EYJOLFSSON Holmar	Pediatría
289	289	SIGURDSSON Gylfi	Anestesiología y reanimación
290	290	ARNASON Kari	Medicina intensiva
291	291	SIGURDARSON Bjorn	Medicina veterinaria
292	292	MAGNUSSON Hordur	Medicina interna
293	293	SIGURDSSON Ragnar	Oncología radioterápica
294	294	GUNNARSSON Aron	Gastroenterología
295	295	HALLFREDSSON Emil	Reumatología
296	296	HALLDORSSON Hannes	Cardiología
297	297	BODVARSSON Jon	Reumatología
298	298	SCHRAM Frederik	Gastroenterología
299	299	MOHAMMADI Milad	Medicina de urgencias
300	300	TORABI Mehdi	Medicina legal y forense
301	301	AMIRI Vahid	Oftalmología
302	302	HAJI SAFI Ehsan	Reumatología
303	303	EBRAHIMI Omid	Medicina física y rehabilitación
304	304	REZAEIAN Ramin	Urología
305	305	MONTAZERI Pejman	Anestesiología y reanimación
306	306	JAHANBAKHSH Alireza	Geriatría
307	307	HOSSEINI Majid	Gastroenterología
308	308	DEJAGAH Ashkan	Urología
309	309	SHOJAEI Masoud	Nefrología
310	310	GHODDOS  Saman	Cardiología
311	311	GHOOCHANNEJHAD Reza	Medicina de urgencias
312	312	CHESHMI Roozbeh	Pediatría
313	313	ANSARIFARD Karim	Oncología radioterápica
314	314	KHANZADEH Mohammad Reza	Urología
315	315	TAREMI Mehdi	Pediatría
316	316	AZMOUN Sardar	Oftalmología
317	317	ABEDZADEH Amir	Neurología
318	318	EZATOLAHI Saeid	Medicina del trabajo
319	319	POURALIGANJI Morteza	Toxicología
320	320	MAZAHERI Rashid	Endocrinología
321	321	BEIRANVAND Ali	Oncología médica
322	322	INUI Takashi	Neumología
323	323	SHIBASAKI Gaku	Neumología
324	324	OSHIMA Ryota	Nutriología
325	325	NAGATOMO Yuto	Rehabilitación
326	326	HARAGUCHI Genki	Pediatría
327	327	KAGAWA Shinji	Pediatría
328	328	OKAZAKI Shinji	Medicina interna
329	329	SAKAI Hiroki	Hematología y hemoterapia
330	330	OSAKO Yuya	Psiquiatría
331	331	USAMI Takashi	Pediatría
332	332	MUTO Yoshinori	Alergología
333	333	YAMAGUCHI Hotaru	Medicina preventiva y salud pública
334	334	HASEBE Makoto	Neurología
335	335	NAKAMURA Kosuke	Alergología
336	336	KAWASHIMA Eiji	Medicina legal y forense
337	337	SHOJI Gen	Nutriología
338	338	HONDA Keisuke	Hematología y hemoterapia
339	339	SAKAI Gotoku	Oncología radioterápica
340	340	ENDO Wataru	Alergología
341	341	MAKINO Tomoaki	Cardiología
342	342	HIGASHIGUCHI Masaaki	Endocrinología
343	343	YOSHIDA Maya	Rehabilitación
344	344	UEDA Naomichi	Alergología
345	345	LEE Seungwoo	Medicina física y rehabilitación
346	346	GO Yohan	Medicina aeroespacial
347	347	HONG Chul	Medicina del deporte
348	348	MOON Seonmin	Medicina del deporte
349	349	KIM Minwoo	Toxicología
350	350	JU Sejong	Medicina interna
351	351	LEE Jaesung	Nutriología
352	352	PARK Jooho	Rehabilitación
353	353	KOO Jacheol	Toxicología
354	354	LEE Yong	Nutriología
355	355	JUNG Seunghyun	Oncología médica
356	356	KIM Younggwon	Oncología radioterápica
357	357	KI Sungyueng	Cardiología
358	358	JO Hyeonwoo	Medicina intensiva
359	359	SON Heungmin	Medicina familiar y comunitaria
360	360	HWANG Heechan	Medicina preventiva y salud pública
361	361	JANG Hyunsoo	Oftalmología
362	362	YUN Youngsun	Gastroenterología
363	363	JUNG Wooyoung	Medicina preventiva y salud pública
364	364	OH Bansuk	Medicina aeroespacial
365	365	KIM Seunggyu	Gastroenterología
366	366	KIM Jinhyeon	Gastroenterología
367	367	KIM Shinwook	Medicina intensiva
368	368	AQUINO Javier	Psiquiatría
369	369	GUARDADO Andres	Alergología
370	370	LOZANO Hirving	Medicina del deporte
371	371	DOS SANTOS Jonathan	Psiquiatría
372	372	CORONA Jesus	Hematología y hemoterapia
373	373	FABIAN Marco	Neurología
374	374	DOS SANTOS Giovani	Hematología y hemoterapia
375	375	HERNANDEZ Javier	Cardiología
376	376	LAYUN Miguel	Reumatología
377	377	PERALTA Oribe	Nefrología
378	378	ALVAREZ Edson	Nefrología
379	379	GALLARDO Jesus	Endocrinología
380	380	OCHOA Guillermo	Medicina familiar y comunitaria
381	381	MARQUEZ Rafael	Medicina preventiva y salud pública
382	382	REYES Diego	Medicina preventiva y salud pública
383	383	VELA Carlos	Toxicología
384	384	JIMENEZ Raul	Oftalmología
385	385	HERRERA Hector	Medicina del deporte
386	386	CORONA Jose	Medicina aeroespacial
387	387	AYALA Hugo	Infectología
388	388	MORENO Hector	Psiquiatría
389	389	SALCEDO Carlos	Nefrología
390	390	TALAVERA Alfredo	Infectología
391	391	BOUSSOUFA Mbark	Neumología
392	392	HAKIMI Achraf	Medicina interna
393	393	HARIT Amine	Medicina intensiva
394	394	CARCELA Mehdi	Endocrinología
395	395	MENDYL Hamza	Alergología
396	396	ZIYACH Hakim	Toxicología
397	397	TAGNAOUTI Ahmed	Medicina legal y forense
398	398	EL KAABI Ayoub	Medicina familiar y comunitaria
399	399	FAJR Faycal	Reumatología
400	400	BELHANDA Younes	Endocrinología
401	401	AIT BENNASSER Youssef	Oncología radioterápica
402	402	EN NESYRI Youssef	Oncología médica
403	403	SAISS Romain	Nutriología
404	404	BOUNOU Yassine	Alergología
405	405	AMRABAT Noureddine	Hematología y hemoterapia
406	406	AMRABAT Sofyan	Hematología y hemoterapia
407	407	DA COSTA Manuel	Medicina legal y forense
408	408	EL AHMADI Karim	Gastroenterología
409	409	BOUTAIB Khalid	Medicina interna
410	410	BOUHADDOUZ Aziz	Medicina aeroespacial
411	411	DIRAR Nabil	Geriatría
412	412	BENATIA Mehdi	Medicina familiar y comunitaria
413	413	EL KAJOUI Monir	Cardiología
414	414	MUSA Ahmed	Toxicología
415	415	NDIDI Onyinye	Medicina legal y forense
416	416	ETEBO Oghenekaro	Toxicología
417	417	ONAZI Ogenyi	Medicina veterinaria
418	418	EBUEHI Tyronne	Reumatología
419	419	IDOWU Bryan	Medicina preventiva y salud pública
420	420	MOSES Victor	Neumología
421	421	SHEHU Abdullahi	Medicina legal y forense
422	422	AWAZIEM Chidozie	Endocrinología
423	423	OBI Joel	Medicina aeroespacial
424	424	EZENWA Ikechukwu	Medicina preventiva y salud pública
425	425	IHEANACHO Kelechi	Medicina interna
426	426	ECHIEJILE Elderson	Nefrología
427	427	MIKEL John Obi	Anestesiología y reanimación
428	428	OMERUO Kenneth	Anestesiología y reanimación
429	429	IGHALO Odion	Neumología
430	430	EKONG William	Infectología
431	431	IWOBI Alex	Infectología
432	432	BALOGUN Leon	Toxicología
433	433	NWANKWO Simeon	Nutriología
434	434	OGU John	Reumatología
435	435	UZOHO Francis	Rehabilitación
436	436	AKPEYI Daniel	Oncología radioterápica
437	437	QUINTERO Alberto	Medicina veterinaria
438	438	PENEDO Jaime	Pediatría
439	439	BARCENAS Edgar	Medicina aeroespacial
440	440	DIAZ Ismael	Medicina del deporte
441	441	COOPER Armando	Geriatría
442	442	OVALLE Luis	Hematología y hemoterapia
443	443	TORRES Gabriel	Oncología radioterápica
444	444	RODRIGUEZ Jose Luis	Anestesiología y reanimación
445	445	MURILLO Michael	Infectología
446	446	MACHADO Adolfo	Psiquiatría
447	447	PIMENTEL Valentin	Psiquiatría
448	448	DAVIS Eric	Medicina del deporte
449	449	ESCOBAR Fidel	Anestesiología y reanimación
450	450	GOMEZ Gabriel	Medicina interna
451	451	ARROYO Abdiel	Hematología y hemoterapia
452	452	GODOY Anibal	Reumatología
453	453	PEREZ Blas	Medicina legal y forense
454	454	RODRIGUEZ Alex	Reumatología
455	455	CALDERON Jose	Medicina familiar y comunitaria
456	456	TEJADA Luis	Oncología radioterápica
457	457	BALOY Felipe	Geriatría
458	458	CUMMINGS Harold	Endocrinología
459	459	TORRES Roman	Rehabilitación
460	460	HURTADO Paolo	Anestesiología y reanimación
461	461	RUIDIAZ Raul	Medicina aeroespacial
462	462	LOYOLA Nilson	Oncología médica
463	463	CUEVA Christian	Urología
464	464	YOTUN Yoshimar	Medicina legal y forense
465	465	POLO Andy	Medicina física y rehabilitación
466	466	AQUINO Pedro	Anestesiología y reanimación
467	467	RAMOS Christian	Medicina de urgencias
468	468	FLORES Edison	Oncología radioterápica
469	469	TRAUCO Miguel	Medicina del deporte
470	470	CORZO Aldo	Anestesiología y reanimación
471	471	CARTAGENA Wilder	Oncología radioterápica
472	472	ARAUJO Miguel	Anestesiología y reanimación
473	473	CARRILLO Andre	Rehabilitación
474	474	RODRIGUEZ Alberto	Medicina interna
475	475	CACEDA Carlos	Oncología radioterápica
476	476	GALLESE Pedro	Medicina física y rehabilitación
477	477	ADVINCULA Luis	Anestesiología y reanimación
478	478	SANTAMARIA Anderson	Toxicología
479	479	CARVALLO Jose	Oncología médica
480	480	FARFAN Jefferson	Medicina de urgencias
481	481	TAPIA Renato	Medicina aeroespacial
482	482	GUERRERO Paolo	Medicina física y rehabilitación
483	483	ZIELINSKI Piotr	Medicina aeroespacial
484	484	GORALSKI Jacek	Urología
485	485	PESZKO Slawomir	Neurología
486	486	BLASZCZYKOWSKI Jakub	Medicina veterinaria
487	487	BERESZYNSKI Bartosz	Nefrología
488	488	LINETTY Karol	Medicina preventiva y salud pública
489	489	KURZAWA Rafal	Oncología médica
490	490	RYBUS Maciej	Infectología
491	491	KOWNACKI Dawid	Neumología
492	492	BEDNAREK Jan	Medicina aeroespacial
493	493	PAZDAN Michal	Cardiología
494	494	JEDRZEJCZYK Artur	Medicina intensiva
495	495	GROSICKI Kamil	Oftalmología
496	496	TEODORCZYK Lukasz	Psiquiatría
497	497	LEWANDOWSKI Robert	Medicina física y rehabilitación
498	498	PISZCZEK Lukasz	Medicina física y rehabilitación
499	499	GLIK Kamil	Toxicología
500	500	CIONEK Thiago	Oncología radioterápica
501	501	MILIK Arkadiusz	Neurología
502	502	KRYCHOWIAK Grzegorz	Neurología
503	503	BIALKOWSKI Bartosz	Medicina de urgencias
504	504	FABIANSKI Lukasz	Neurología
505	505	SZCZESNY Wojciech	Alergología
506	506	JOAO MOUTINHO	Reumatología
507	507	GELSON MARTINS	Oftalmología
508	508	RAPHAEL GUERREIRO	Hematología y hemoterapia
509	509	BRUNO FERNANDES	Infectología
510	510	BERNARDO SILVA	Geriatría
511	511	MARIO RUI	Medicina legal y forense
512	512	CEDRIC	Hematología y hemoterapia
513	513	MANUEL FERNANDES	Oncología radioterápica
514	514	RICARDO	Toxicología
515	515	GONCALO GUEDES	Alergología
516	516	ADRIEN SILVA	Oncología médica
517	517	JOAO MARIO	Hematología y hemoterapia
518	518	RICARDO QUARESMA	Medicina familiar y comunitaria
519	519	ANDRE SILVA	Oncología radioterápica
520	520	BETO	Nutriología
521	521	CRISTIANO RONALDO	Medicina veterinaria
522	522	WILLIAM	Medicina aeroespacial
523	523	PEPE	Oncología radioterápica
524	524	ANTHONY LOPES	Alergología
525	525	BRUNO ALVES	Medicina preventiva y salud pública
526	526	RUBEN DIAS	Neurología
527	527	RUI PATRICIO	Psiquiatría
528	528	JOSE FONTE	Psiquiatría
529	529	MIRANCHUK Anton	Infectología
530	530	CHERYSHEV Denis	Medicina aeroespacial
531	531	GOLOVIN Aleksandr	Oncología médica
532	532	SMOLNIKOV Igor	Oncología radioterápica
533	533	DZAGOEV Alan	Psiquiatría
534	534	KUZIAEV Daler	Gastroenterología
535	535	SAMEDOV Alexander	Endocrinología
536	536	GAZINSKY Iury	Gastroenterología
537	537	ZHIRKOV Yury	Gastroenterología
538	538	ZOBNIN Roman	Medicina legal y forense
539	539	MIRANCHUK Alexey	Psiquiatría
540	540	KUDRIASHOV Fedor	Infectología
541	541	MARIO FERNANDES	Urología
542	542	SMOLOV Fedor	Oncología radioterápica
543	543	EROKHIN Aleksandr	Nutriología
544	544	LUNEV Andrei	Nutriología
545	545	GRANAT Vladimir	Medicina física y rehabilitación
546	546	GABULOV Vladimir	Nefrología
547	547	KUTEPOV Ilya	Anestesiología y reanimación
548	548	AKINFEEV Igor	Medicina aeroespacial
549	549	IGNASHEVICH Sergey	Infectología
550	550	SEMENOV Andrey	Medicina interna
551	551	DZYUBA Artem	Rehabilitación
552	552	MOHAMMED ALBURAYK	Endocrinología
553	553	SALMAN ALFARAJ	Urología
554	554	YAHIA ALSHEHRI	Oncología médica
555	555	YASIR ALSHAHRANI	Oftalmología
556	556	FAHAD ALMUWALLAD	Medicina preventiva y salud pública
557	557	HATAN BAHBIR	Hematología y hemoterapia
558	558	ABDULLAH OTAYF	Medicina física y rehabilitación
559	559	ABDULLAH ALKHAIBARI	Gastroenterología
560	560	MANSOUR ALHARBI	Neurología
561	561	SALEM ALDAWSARI	Pediatría
562	562	TAISEER ALJASSAM	Hematología y hemoterapia
563	563	ABDULMALEK ALKHAIBRI	Endocrinología
564	564	MOHAMED KANNO	Medicina veterinaria
565	565	MOHAMMED ALSAHLAWI	Oncología médica
566	566	OMAR OTHMAN	Medicina de urgencias
567	567	HUSSAIN ALMOQAHWI	Medicina intensiva
568	568	MUHANNAD ASIRI	Endocrinología
569	569	MOHAMMED ALOWAIS	Medicina veterinaria
570	570	MOTAZ HAWSAWI	Medicina de urgencias
571	571	OSAMA HAWSAWI	Medicina intensiva
572	572	ALI ALBULAYHI	Rehabilitación
573	573	YASSER ALMOSAILEM	Medicina del deporte
574	574	ABDULLAH ALMUAIOUF	Alergología
575	575	GUEYE Idrissa Gana	Alergología
576	576	CISS Saliou	Oncología radioterápica
577	577	MANE Sadio	Medicina preventiva y salud pública
578	578	SARR Ismaila	Alergología
579	579	WAGUE Moussa	Rehabilitación
580	580	SABALY Youssouf	Oncología médica
581	581	NDIAYE Pape Alioune	Medicina intensiva
582	582	NIANG Mbaye	Oncología médica
583	583	GASSAMA Lamine	Medicina intensiva
584	584	SOW Moussa	Urología
585	585	KOUYATE Cheikhou	Oftalmología
586	586	BALDE Keita	Medicina legal y forense
587	587	KONATE Moussa	Neumología
588	588	DIALLO Abdoulaye	Reumatología
589	589	SAKHO Diafra	Medicina del deporte
590	590	NDIAYE Alfred	Geriatría
591	591	NDIAYE Khadim	Medicina del trabajo
592	592	GOMIS Alfred	Urología
593	593	DIOUF Mame	Rehabilitación
594	594	SANE Salif	Medicina aeroespacial
595	595	MBODJI Kara	Pediatría
596	596	KOULIBALY Kalidou	Toxicología
597	597	NDOYE Cheikh	Medicina aeroespacial
598	598	ZIVKOVIC Andrija	Reumatología
599	599	RODIC Milan	Oncología médica
600	600	RUKAVINA Antonio	Rehabilitación
601	601	LJAJIC Adem	Oftalmología
602	602	JOVIC Luka	Cardiología
603	603	TADIC Dusan	Medicina física y rehabilitación
604	604	RADONJIC Nemanja	Medicina interna
605	605	MILINKOVIC-SAVIC Sergej	Gastroenterología
606	606	VELJKOVIC Milos	Nutriología
607	607	TOSIC Dusko	Cardiología
608	608	MILIVOJEVIC Luka	Medicina aeroespacial
609	609	SPAJIC Uros	Geriatría
610	610	MITROVIC Aleksandar	Rehabilitación
611	611	GRUJIC Marko	Medicina interna
612	612	KOSTIC Filip	Pediatría
613	613	KOLAROV Aleksandar	Psiquiatría
614	614	RAJKOVIC Predrag	Neurología
615	615	MATIC Nemanja	Rehabilitación
616	616	PRIJOVIC Aleksandar	Medicina física y rehabilitación
617	617	IVANOVIC Branislav	Psiquiatría
618	618	MILENKOVIC Nikola	Nefrología
619	619	DMITROVIC Marko	Medicina del trabajo
620	620	STOJKOVIC Vladimir	Medicina intensiva
621	621	ODRIOZOLA Alvaro	Infectología
622	622	ASPAS Iago	Medicina legal y forense
623	623	SILVA David	Medicina legal y forense
624	624	INIESTA Andres	Alergología
625	625	ALBA Jordi	Cardiología
626	626	THIAGO	Medicina física y rehabilitación
627	627	VAZQUEZ Lucas	Reumatología
628	628	DE GEA David	Medicina intensiva
629	629	RODRIGO	Hematología y hemoterapia
630	630	MONREAL Nacho	Pediatría
631	631	CARVAJAL Dani	Medicina del deporte
632	632	KOKE	Rehabilitación
633	633	ISCO	Geriatría
634	634	RAMOS Sergio	Medicina intensiva
635	635	SAUL	Nefrología
636	636	ASENSIO Marco	Oftalmología
637	637	NACHO	Endocrinología
638	638	BUSQUETS Sergio	Oftalmología
639	639	AZPILICUETA Cesar	Anestesiología y reanimación
640	640	ARRIZABALAGA Kepa	Rehabilitación
641	641	PIQUE Gerard	Medicina intensiva
642	642	COSTA Diego	Medicina legal y forense
643	643	REINA Pepe	Endocrinología
644	644	DURMAZ Jimmy	Pediatría
645	645	LARSSON Sebastian	Psiquiatría
646	646	KRAFTH Emil	Oftalmología
647	647	HILJEMARK Oscar	Endocrinología
648	648	EKDAL Albin	Alergología
649	649	AUGUSTINSSON Ludwig	Nutriología
650	650	BERG Marcus	Medicina física y rehabilitación
651	651	ROHDEN Marcus	Medicina del trabajo
652	652	LUSTIG Mikael	Infectología
653	653	SVENSSON Gustav	Medicina preventiva y salud pública
654	654	FORSBERG Emil	Infectología
655	655	TOIVONEN Ola	Infectología
656	656	GUIDETTI John	Nefrología
657	657	CLAESSON Viktor	Endocrinología
658	658	LINDELOF Victor	Medicina de urgencias
659	659	OLSSON Martin	Medicina física y rehabilitación
660	660	JOHNSSON Karl-Johan	Oncología radioterápica
661	661	HELANDER Filip	Oncología radioterápica
662	662	THELIN Isaac Kiese	Anestesiología y reanimación
663	663	GRANQVIST Andreas	Neumología
664	664	NORDFELDT Kristoffer	Rehabilitación
665	665	OLSEN Robin	Medicina aeroespacial
666	666	JANSSON Pontus	Neumología
667	667	FERNANDES Gelson	Medicina legal y forense
668	668	FREULER Remo	Geriatría
669	669	GAVRANOVIC Mario	Oncología médica
670	670	MOUBANDJE Francois	Gastroenterología
671	671	LICHTSTEINER Stephan	Neurología
672	672	ELVEDI Nico	Medicina intensiva
673	673	DZEMAILI Blerim	Nutriología
674	674	ZAKARIA Denis	Psiquiatría
675	675	LANG Michael	Nefrología
676	676	BEHRAMI Valon	Medicina del trabajo
677	677	DRMIC Josip	Medicina del trabajo
678	678	SHAQIRI Xherdan	Alergología
679	679	RODRIGUEZ Ricardo	Medicina aeroespacial
680	680	ZUBER Steven	Cardiología
681	681	SOMMER Yann	Medicina legal y forense
682	682	XHAKA Granit	Neumología
683	683	BUERKI Roman	Hematología y hemoterapia
684	684	SCHAER Fabian	Medicina de urgencias
685	685	MVOGO Yvon	Cardiología
686	686	AKANJI Manuel	Oncología médica
687	687	EMBOLO Breel	Neurología
688	688	SEFEROVIC Haris	Gastroenterología
689	689	DJOUROU Johan	Medicina veterinaria
690	690	SLITI Naim	Medicina familiar y comunitaria
691	691	SKHIRI Ellyes	Oncología radioterápica
692	692	MERIAH Yassine	Cardiología
693	693	BADRI Anice	Medicina interna
694	694	CHAALELI Ghaylen	Urología
695	695	HASSEN Mouez	Medicina del deporte
696	696	SRARFI Bassem	Medicina intensiva
697	697	MAALOUL Ali	Medicina familiar y comunitaria
698	698	KHALIFA Saber	Medicina de urgencias
699	699	BEN ALOUANE Yohan	Medicina legal y forense
700	700	BRONN Dylan	Medicina legal y forense
701	701	BEN AMOR Mohamed	Medicina familiar y comunitaria
702	702	KHALIL Ahmed	Nutriología
703	703	NAGUEZ Hamdi	Rehabilitación
704	704	HADDADI Oussama	Medicina legal y forense
705	705	KHAOUI Saifeddine	Medicina aeroespacial
706	706	KHAZRI Wahbi	Oncología médica
707	707	BEDOUI Rami	Hematología y hemoterapia
708	708	BEN YOUSSEF Fakhreddine	Oncología radioterápica
709	709	SASSI Ferjani	Anestesiología y reanimación
710	710	MATHLOUTHI Aymen	Medicina preventiva y salud pública
711	711	BEN MUSTAPHA Farouk	Medicina del trabajo
712	712	BEN YOUSSEF Syam	Pediatría
713	713	NANDEZ Nahitan	Oncología radioterápica
714	714	TORREIRA Lucas	Endocrinología
715	715	DE ARRASCAETA Giorgian	Geriatría
716	716	LAXALT Diego	Rehabilitación
717	717	URRETAVISCAYA Jonathan	Neurología
718	718	VARELA Guillermo	Pediatría
719	719	GODIN Diego	Neurología
720	720	BENTANCUR Rodrigo	Psiquiatría
721	721	PEREIRA Maximiliano	Gastroenterología
722	722	MUSLERA Fernando	Neurología
723	723	SANCHEZ Carlos	Geriatría
724	724	SILVA Gaston	Endocrinología
725	725	CACERES Martin	Medicina del deporte
726	726	GIMENEZ Jose	Medicina legal y forense
727	727	STUANI Cristhian	Medicina de urgencias
728	728	CAVANI Edinson	Medicina legal y forense
729	729	RODRIGUEZ Cristian	Medicina aeroespacial
730	730	CAMPANA Martin	Medicina intensiva
731	731	VECINO Matias	Psiquiatría
732	732	SILVA Martin	Medicina preventiva y salud pública
733	733	SUAREZ Luis	Oftalmología
734	734	GOMEZ Maximiliano	Medicina legal y forense
735	735	COATES Sebastian	Oftalmología
